INSERT INTO users (user_id, username, password) VALUES
(1,'johndoe', 'password123'),
(2,'janedoe', 'password456'),
(3,'bobsmith', 'password789'),
(4,'sarahjones', 'password012'),
(5,'mikebrown', 'password345'),
(6,'emilywang', 'password678'),
(7,'davidlee', 'password901'),
(8,'lindagreen', 'password234'),
(9,'andrewnguyen', 'password567'),
(10,'alexjohnson', 'password890'),
(11,'danielkim', 'password123'),
(12,'jenniferchen', 'password456'),
(13,'chrisparker', 'password789'),
(14,'stephaniewu', 'password012'),
(15,'jamesli', 'password345'),
(16,'samanthawang', 'password678'),
(17,'kevinyang', 'password901'),
(18,'cynthiale', 'password234'),
(19,'brandonpham', 'password567'),
(20,'tiffanytran', 'password890'),

INSERT INTO user_info (info_id,name, handicap, age, home_course, movement, bio) VALUES
('John Doe', 10.0, 25, 'Pebble Beach', 'Right', 'I am a golf enthusiast who loves to play golf.'),
('Jane Doe', 15.0, 30, 'Pebble Beach', 'Left', 'I am a golf enthusiast who loves to play golf.'),
('Bob Smith', 20.0, 35, 'Pebble Beach', 'Right', 'I am a golf enthusiast who loves to play golf.'),
('Sarah Jones', 25.0, 40, 'Pebble Beach', 'Left', 'I am a golf enthusiast who loves to play golf.'),
('Mike Brown', 30.0, 45, 'Pebble Beach', 'Right', 'I am a golf enthusiast who loves to play golf.'),
('Emily Wang', 35.0, 50, 'Pebble Beach', 'Left', 'I am a golf enthusiast who loves to play golf.'),
('David Lee', 40.0, 55, 'Pebble Beach', 'Right', 'I am a golf enthusiast who loves to play golf.'),
('Linda Green', 45.0, 60, 'Pebble Beach', 'Left', 'I am a golf enthusiast who loves to play golf.'),
('Andrew Nguyen', 50.0, 65, 'Pebble Beach', 'Right', 'I am a golf enthusiast who loves to play golf.'),
('Alex Johnson', 55.0, 70, 'Pebble Beach', 'Left', 'I am a golf enthusiast who loves to play golf.'),
('Daniel Kim', 60.0, 75, 'Pebble Beach', 'Right', 'I am a golf enthusiast who loves to play golf.'),
('Jennifer Chen', 65.0, 80, 'Pebble Beach', 'Left', 'I am a golf enthusiast who loves to play golf.'),
('Chris Parker', 70.0, 85, 'Pebble Beach', 'Right', 'I am a golf enthusiast who loves to play golf.'),
('Stephanie Wu', 75.0, 90, 'Pebble Beach', 'Left', 'I am a golf enthusiast who loves to play golf.');

INSERT INTO user_to_info (user_id, info_id) VALUES
(1, 345),
(2, 645),
(3, 866),
(4, 578),
(5, 674),
(6, 089),
(7, 348),
(8, 123),
(9, 125),
(10, 178),
(11, 179),
(12, 567),
(13, 569),
(14, 348);
(15, 284),
(16, 185),
(17, 496),
(18, 587),
(19, 398),
(20, 696);